prenom,nom,date,email
Malick ,Fall ,2022-09-05 15:47:29,BenjaminPelchat@teleworm.us
NDEYE KHADY,SECK,2022-09-05 15:47:29,HaletteBisson@armyspy.com
ROKHY,HANE,2022-09-05 15:47:26,AlgernonGuernon@rhyta.com
CLAUDE HYPOLYTE,NORMAND,2022-09-05 15:47:09,GalliaLarocque@einrot.com
Fama,Diop,2022-09-05 15:47:06,SimoneSalois@armyspy.com
Suzanne,MENDY,2022-09-05 15:46:56,GastonHebert@fleckens.hu
Dame,Messere,2022-09-05 15:46:39,AgramantJardine@teleworm.us
Diadji,Dia,2022-09-05 15:46:37,RabicanRousseau@fleckens.hu
OULEYE BAIDY,DIA,2022-09-05 15:46:29,TimotheeBeaudoin@einrot.com
Oumar,Kobor,2022-09-05 15:46:25,ChanningRheaume@fleckens.hu
DEMBA,SECK,2022-09-05 15:46:18,XarlesRancourt@fleckens.hu
Ndiaga,Gueye,2022-09-05 15:45:51,AlexandrieChaussee@teleworm.us
Ndeye Maty ,Ngom,2022-09-05 15:45:49,QuennelDumoulin@superrito.com
MAMADOU ALIMOU,diallo,2022-09-05 15:45:43,FifiBernard@armyspy.com
El Hadji Moustapha,Diagne,2022-09-05 15:45:40,FealtyDuplanty@teleworm.us
Nogaye,Diouf,2022-09-05 15:45:32,YolandeVadeboncoeur@teleworm.us
MAME FATOU,LAM,2022-09-05 15:45:14,TroyAlexandre@fleckens.hu
Ibrahima,Cisse,2022-09-05 15:45:13,HuguesPrimeau@armyspy.com
Oumar,Kobor,2022-09-05 15:45:08,GaetaneCousteau@einrot.com
NDEYE AIDA,GAYE,2022-09-05 15:45:07,PryorDuplanty@armyspy.com
Serigne falilou mbacke,syll,2022-09-05 15:45:01,MedoroPanetier@teleworm.us
SOKNA MAMADOU,DIALLO,2022-09-05 15:44:57,AgramantPerrault@superrito.com
THIERNO,SAMOURA,2022-09-05 15:44:39,AnnotLabossiere@armyspy.com
fallou,ngom,2022-09-05 15:44:21,RomaineDuTrieux@superrito.com
Seyni ,Ka,2022-09-05 15:44:20,ByronLabelle@superrito.com
maodo,seck,2022-09-05 15:44:17,AdeleGuimond@gustr.com
IBRAHIMA ABDOULAYE,KEITA,2022-09-05 15:43:59,OlivierMajory@jourrapide.com
Fatou,Ndiaye,2022-09-05 15:43:44,MadeleineTougas@cuvox.de
Ibrahima,Cisse,2022-09-05 15:43:34,IvenMarquis@einrot.com
FATOUMATA,BOIRO,2022-09-05 15:43:33,DreuxTougas@rhyta.com
Abdoulaye ,Dieng,2022-09-05 15:43:28,MinetteBeauchamps@armyspy.com
Norbert Marlex,Simangoye,2022-09-05 15:43:14,BayardMajory@einrot.com
Ibrahima,Faty,2022-09-05 15:43:12,ChapinMaheu@jourrapide.com
Sadio,Diallo,2022-09-05 15:43:11,JulienFluet@dayrep.com
MAIMOUNA,THIAM,2022-09-05 15:42:53,AventCharrette@rhyta.com
Canah,Canah,2022-09-05 15:42:12,MorganaSavoie@cuvox.de
Awa,Diaw,2022-09-05 15:41:54,AmberBrisebois@einrot.com
XIYAN,LI,2022-09-05 15:41:51,VilletteSenneville@armyspy.com
ABDOU SALAM,CAMARA,2022-09-05 15:41:40,VerneyJalbert@gustr.com
Ba,Alphaoumar,2022-09-05 15:41:40,RubyLebel@jourrapide.com
Aida,Ndiaye,2022-09-05 15:41:34,EmmelineDuplanty@teleworm.us
Mbengue,S fatou,2022-09-05 15:41:25,BrunellaMarquis@dayrep.com
BATY,NIASS,2022-09-05 15:41:17,PrewittCourcelle@rhyta.com
MAMEMOR,MBODJ,2022-09-05 15:41:13,RaydeChateaub@armyspy.com
makhate,kaita,2022-09-05 15:41:11,BerangariaPerrault@armyspy.com
CARTE D'IDENTITE CEDEAO,CARTE D'IDENTITE CEDEAO,2022-09-05 15:40:58,EustacheFrancoeur@teleworm.us
Naby,Sylla,2022-09-05 15:40:57,GerardArnoux@gustr.com
DIARRA,COULIBALY,2022-09-05 15:40:54,RachelleJoly@gustr.com
AISSATOU,NGOM,2022-09-05 15:40:51,IsaacLang@superrito.com
Awa ,Diaw,2022-09-05 15:40:47,MorganaSaindon@armyspy.com
Athia,Ba,2022-09-05 15:40:16,FerrauLaframboise@cuvox.de
COUMBA,SECK,2022-09-05 15:40:05,LealaCourse@armyspy.com
YORO,FALL,2022-09-05 15:39:56,LoyalCouet@jourrapide.com
Abdoul Aziz,Diaw,2022-09-05 15:39:52,KarelBerthiaume@jourrapide.com
Hawa,Fedior,2022-09-05 15:39:44,RosemarieChasse@jourrapide.com
CARTE D'1DENTITE CEDEAO,CARTE D'1DENTITE CEDEAO,2022-09-05 15:39:44,ForrestCaron@dayrep.com
ISSAGAA,DIALLO,2022-09-05 15:39:31,AnneLacroix@superrito.com
ABDOUL SALAM,BAH,2022-09-05 15:39:20,SibylaSansouci@einrot.com
KHOUDIA,MBOUP,2022-09-05 15:39:01,AzuraTisserand@gustr.com
gilbert louis,osseni,2022-09-05 15:38:57,ErembourgTougas@superrito.com
COUMBA,SECK,2022-09-05 15:38:32,LaurenceBoucher@cuvox.de
mamadou,diallo,2022-09-05 15:38:29,JeanRodrigue@armyspy.com
MOUSSA,GAYE,2022-09-05 15:38:18,FlordelisParenteau@superrito.com
SOKHNA AMY CHEIKH,DIOP,2022-09-05 15:38:11,BurkettLeroux@teleworm.us
Abdou Coumba ,Seck,2022-09-05 15:37:43,BriceBeaudry@cuvox.de
ADOUM HAMID,OUMAR,2022-09-05 15:37:34,PrunellaBerube@superrito.com
Marie,Mendy,2022-09-05 15:37:28,AnoukMoise@einrot.com
Aissatou,Balde,2022-09-05 15:37:24,AmoretteHetu@einrot.com
OULIMATA,SALL,2022-09-05 15:37:11,HonoreDavid@cuvox.de
CARTED'IDENTITE CEDEAG,CARTED'IDENTITE CEDEAG,2022-09-05 15:37:08,TalonCousteau@cuvox.de
MOUSSA,DIALLO,2022-09-05 15:36:41,LeoneDucharme@cuvox.de
BABACAR,CISSE,2022-09-05 15:36:35,CamilleLapierre@rhyta.com
Moustapha,Thiam,2022-09-05 15:36:26,FrederiqueLacombe@cuvox.de
Fallou,Thiam,2022-09-05 15:36:17,AdorleeRancourt@superrito.com
Norbert Marlex,Simangoye,2022-09-05 15:36:05,BenjaminAudibert@fleckens.hu
Bousso,Gueye,2022-09-05 15:35:42,FavorBisaillon@gustr.com
Awa,Ba,2022-09-05 15:35:23,VedetteCoudert@superrito.com
Ndeye Maty,Ngom,2022-09-05 15:35:17,CourtlandLacroix@teleworm.us
ERNEST,DIATTA,2022-09-05 15:35:11,SennetDuTrieux@teleworm.us
Mame penda,Mbodj,2022-09-05 15:35:06,MarshallChasse@cuvox.de
Awq,Da,2022-09-05 15:35:04,PaienPoulin@fleckens.hu
Moustapha,Thiam ,2022-09-05 15:34:50,VallisJodion@dayrep.com
HAWA,FEDIOR,2022-09-05 15:34:47,RiveRicard@armyspy.com
MAREME,DIOUF,2022-09-05 15:34:42,BerangariaBenjamin@superrito.com
Ouseynou,Fall,2022-09-05 15:34:32,MarsiliusPaiement@teleworm.us
ALBERT ,BADIETTE,2022-09-05 15:34:27,LinetteEdouard@einrot.com
Bousso,Gueye,2022-09-05 15:34:22,PatriceJomphe@fleckens.hu
Amadou,Senghor,2022-09-05 15:34:16,TheodoreLeveille@gustr.com
IBRAHIMA,BAH,2022-09-05 15:34:04,JeoffroiLoiseau@gustr.com
Abdou Alassane,Fedior,2022-09-05 15:34:04,PascalineTurgeon@teleworm.us
Habibatou,Diallo,2022-09-05 15:34:02,PeppinAlexandre@rhyta.com
KHADIM BAMBA,DIOUF,2022-09-05 15:33:50,BriceMorel@cuvox.de
AMADOU FILLY,MBALLO,2022-09-05 15:33:50,ChristianAllard@fleckens.hu
Lassina,Traore,2022-09-05 15:33:46,AzuraLazure@gustr.com
adja coura,sene,2022-09-05 15:33:45,RoydenDuval@armyspy.com
Aissatou gueye,Tall,2022-09-05 15:33:37,LeroyCousteau@rhyta.com
Malle,Thiam,2022-09-05 15:33:26,GermainNoel@dayrep.com
Ba,Kadidia,2022-09-05 15:33:21,JoyEmond@dayrep.com
Hadji,Sow,2022-09-05 15:33:21,MerleGiroux@gustr.com
ABDOU LATIF,SARR,2022-09-05 15:33:18,FabienneFrappier@dayrep.com
Mbaye ,Gueye,2022-09-05 15:32:52,CharlotPomerleau@gustr.com
Bathie,Diouf,2022-09-05 15:32:42,RoydenParenteau@fleckens.hu
MOUSSA ,SOSSE,2022-09-05 15:32:19,TysonBegin@rhyta.com
Lassina,Traore ,2022-09-05 15:31:48,LouisMonjeau@superrito.com
fall_modou, ,2022-09-05 15:31:44,YolandeProulx@armyspy.com
Awq,Da,2022-09-05 15:31:20,CendrillonBlais@fleckens.hu
SIRADJI,WANE,2022-09-05 15:31:05,CapucineLussier@superrito.com
BOULY,DIALLO,2022-09-05 15:31:03,MercerChastain@jourrapide.com
IBRA,MBODJI,2022-09-05 15:30:59,MillicentBarteaux@teleworm.us
Awq,Da,2022-09-05 15:30:30,EdmeeBrasseur@superrito.com
MOUHAMED,GASSAMA,2022-09-05 15:30:11,ChanningSicard@dayrep.com
Awq,Da,2022-09-05 15:30:05,HedvigeBoucher@jourrapide.com
MAMADOU,SOW,2022-09-05 15:29:52,ZurieLagueux@gustr.com
Mamadou Korka,Diallo,2022-09-05 15:29:27,HenrietteBreton@armyspy.com
bathie,diouf,2022-09-05 15:29:17,EmmanuelleLecuyer@teleworm.us
FALLOU,GUEYE,2022-09-05 15:29:10,DelmarHenrichon@teleworm.us
AISSATA,NIANG,2022-09-05 15:29:09,JeanetteFontaine@superrito.com
SEYNABOU,DIENG,2022-09-05 15:28:58,CarineLanctot@cuvox.de
KHADIM BAMBA,DIOUF,2022-09-05 15:28:53,AnneAllard@rhyta.com
mamadou oury,Diallo,2022-09-05 15:28:42,TysonGuimond@cuvox.de
Abdou Alassane,Fedior,2022-09-05 15:28:37,BenjaminPelchat@teleworm.us
Cheikh ,Diop,2022-09-05 15:28:27,HaletteBisson@armyspy.com
NDIAYE,MAMADOU ABDOULAYE,2022-09-05 15:28:23,AlgernonGuernon@rhyta.com
EL HADJI SALIOU,DIONE,2022-09-05 15:28:19,GalliaLarocque@einrot.com
KADIDIATOU,DIALLO,2022-09-05 15:28:18,SimoneSalois@armyspy.com
AMADOU,MBODJE,2022-09-05 15:28:16,GastonHebert@fleckens.hu
Mouhamaddou amadou,Gueye,2022-09-05 15:28:14,AgramantJardine@teleworm.us
MAMADOU,DIENE,2022-09-05 15:28:13,RabicanRousseau@fleckens.hu
NDEYE KHADY,NDIAYE,2022-09-05 15:28:03,TimotheeBeaudoin@einrot.com
ELMOUHAMED FODEBA,SOUARE,2022-09-05 15:27:57,ChanningRheaume@fleckens.hu
Adama,Faye,2022-09-05 15:27:49,XarlesRancourt@fleckens.hu
FALL,AWA,2022-09-05 15:27:30,AlexandrieChaussee@teleworm.us
MAMADOU_MOUSTAPHA,DIASSE,2022-09-05 15:27:21,QuennelDumoulin@superrito.com
Ndeye Ngone ,Sarr,2022-09-05 15:27:18,FifiBernard@armyspy.com
El Hadji Moustapha,Diagne,2022-09-05 15:26:56,FealtyDuplanty@teleworm.us
maodo,mballo,2022-09-05 15:26:54,YolandeVadeboncoeur@teleworm.us
THIEKOROBA,CAMARA,2022-09-05 15:26:39,TroyAlexandre@fleckens.hu
Mamadou Korka,Diallo,2022-09-05 15:26:27,HuguesPrimeau@armyspy.com
ALADJI,KA,2022-09-05 15:26:24,GaetaneCousteau@einrot.com
ARAME,TOURE,2022-09-05 15:26:09,PryorDuplanty@armyspy.com
Seinabou,Thiam,2022-09-05 15:26:04,MedoroPanetier@teleworm.us
Bolo oumy,Wagne,2022-09-05 15:26:04,AgramantPerrault@superrito.com
SAMBA,DIALLO,2022-09-05 15:25:56,AnnotLabossiere@armyspy.com
TOP,MOUSTAPHA,2022-09-05 15:25:56,RomaineDuTrieux@superrito.com
CARTE D'IDENTITE CEDEAO,THIAM,2022-09-05 15:25:55,ByronLabelle@superrito.com
SABOU,SARR,2022-09-05 15:25:47,AdeleGuimond@gustr.com
YAGUE,THIAM,2022-09-05 15:25:44,OlivierMajory@jourrapide.com
Guilaye,Sow,2022-09-05 15:24:59,MadeleineTougas@cuvox.de
MAMADOU,DIANE,2022-09-05 15:24:58,IvenMarquis@einrot.com
MAMADOU,DIALLO,2022-09-05 15:24:34,DreuxTougas@rhyta.com
birame,Sarr,2022-09-05 15:24:27,MinetteBeauchamps@armyspy.com
Fanta,Keita,2022-09-05 15:24:25,BayardMajory@einrot.com
Khady,Ndiaye,2022-09-05 15:24:16,ChapinMaheu@jourrapide.com
CARTE D'IDENTITE CEDEAO,THIAM,2022-09-05 15:24:12,JulienFluet@dayrep.com
ASTOU,DIENG,2022-09-05 15:23:55,AventCharrette@rhyta.com
Binta,Boiro,2022-09-05 15:23:44,MorganaSavoie@cuvox.de
YOUSSOUPHA,DIALLO,2022-09-05 15:23:42,AmberBrisebois@einrot.com
AMADOU,BA,2022-09-05 15:23:38,VilletteSenneville@armyspy.com
ABDOU,MBALLO,2022-09-05 15:23:29,VerneyJalbert@gustr.com
MODOU,DIM,2022-09-05 15:22:37,RubyLebel@jourrapide.com
BABACAR,FAYE,2022-09-05 15:22:36,EmmelineDuplanty@teleworm.us
ISSIAGA,SYLLA,2022-09-05 15:22:32,BrunellaMarquis@dayrep.com
RAMATOULAYE,SIDIBE,2022-09-05 15:22:23,PrewittCourcelle@rhyta.com
Abdou Salam,Diallo,2022-09-05 15:22:19,RaydeChateaub@armyspy.com
Albino,Crima,2022-09-05 15:22:07,BerangariaPerrault@armyspy.com
MAMADOU,DIENE,2022-09-05 15:22:03,EustacheFrancoeur@teleworm.us
Ablaye,Faye,2022-09-05 15:21:39,GerardArnoux@gustr.com
Adoum Hamid,Oumar,2022-09-05 15:21:25,RachelleJoly@gustr.com
NDEYE MARIE,BARRO,2022-09-05 15:21:24,IsaacLang@superrito.com
MAMADOU,DIALLO,2022-09-05 15:21:02,MorganaSaindon@armyspy.com
Albino,Crima,2022-09-05 15:20:58,FerrauLaframboise@cuvox.de
BOUCOUNTA,CISSE,2022-09-05 15:20:48,LealaCourse@armyspy.com
Djimby,Diallo,2022-09-05 15:20:47,LoyalCouet@jourrapide.com
VIRGINIE,MANSOUR,2022-09-05 15:20:45,KarelBerthiaume@jourrapide.com
AMY,DRAME,2022-09-05 15:20:37,RosemarieChasse@jourrapide.com
SOULEYMANE,DIARRA,2022-09-05 15:20:36,ForrestCaron@dayrep.com
DOUDOU,NDIAYE,2022-09-05 15:20:32,AnneLacroix@superrito.com
KHADY,GUEYE,2022-09-05 15:20:13,SibylaSansouci@einrot.com
Baye mangone,Gueye,2022-09-05 15:20:08,AzuraTisserand@gustr.com
Sam,Kama,2022-09-05 15:20:03,ErembourgTougas@superrito.com
ABDOULAYE,BA,2022-09-05 15:19:46,LaurenceBoucher@cuvox.de
ABDOU,BOYE,2022-09-05 15:19:26,JeanRodrigue@armyspy.com
Joachim junior ollivera,Sanka,2022-09-05 15:19:19,FlordelisParenteau@superrito.com
MOUHAMED,AIDARA,2022-09-05 15:19:10,BurkettLeroux@teleworm.us
Abdahimi,Abdoulaye ,2022-09-05 15:18:44,BriceBeaudry@cuvox.de
MANGA LANSINE,DIALLO,2022-09-05 15:18:43,PrunellaBerube@superrito.com
AMSATOU,BAKHOUME,2022-09-05 15:18:35,AnoukMoise@einrot.com
Mamadou,Mbaye,2022-09-05 15:18:24,AmoretteHetu@einrot.com
CHARLOTTE,DIOUF,2022-09-05 15:18:22,HonoreDavid@cuvox.de
BACARY,THIANGHOU,2022-09-05 15:18:11,TalonCousteau@cuvox.de
TABARA,DIALLO,2022-09-05 15:17:51,LeoneDucharme@cuvox.de
MAMADOU YAYA,BALDE,2022-09-05 15:17:50,CamilleLapierre@rhyta.com
mamadou,diouf,2022-09-05 15:17:35,FrederiqueLacombe@cuvox.de
Mussa,Tcham,2022-09-05 15:17:29,AdorleeRancourt@superrito.com
NDIAYE,Ndeye ndoumbÃ©,2022-09-05 15:17:24,BenjaminAudibert@fleckens.hu
Cheikhouna ,Yade,2022-09-05 15:17:21,FavorBisaillon@gustr.com
Papa,Gueye,2022-09-05 15:17:16,VedetteCoudert@superrito.com
MAGUETTE,FAYE,2022-09-05 15:17:04,CourtlandLacroix@teleworm.us
PAPA MOUSSA,KONTE,2022-09-05 15:17:03,SennetDuTrieux@teleworm.us
Serigne,Ndoye,2022-09-05 15:16:57,MarshallChasse@cuvox.de
